language,primary contributor,filename,blank,comment,code,"github.com/AlDanial/cloc v 1.82  T=0.87 s (57.6 files/s, 7849.3 lines/s)"
C++,yanweibryan.koh@digipen.edu,./MainMenu.cpp,87,21,451,
C++,yanweibryan.koh@digipen.edu,./Tiles.cpp,52,20,402,
C++,yanweibryan.koh@digipen.edu,./Player.cpp,45,43,351,
C++,yanweibryan.koh@digipen.edu,./Enemy.cpp,37,22,286,
C++,yanweibryan.koh@digipen.edu,./Graphics.cpp,48,19,247,
C++,yanweibryan.koh@digipen.edu,./Background.cpp,61,15,241,
C++,yanweibryan.koh@digipen.edu,./Utilities.cpp,41,20,201,
C++,yanweibryan.koh@digipen.edu,./Gameplay.cpp,22,17,189,
C++,yanweibryan.koh@digipen.edu,./Particles.cpp,33,21,189,
C++,yanweibryan.koh@digipen.edu,./Image.cpp,16,20,185,
C++,yanweibryan.koh@digipen.edu,./UserInterface.cpp,48,12,183,
C++,minyi.seet@digipen.edu,./Username.cpp,31,18,162,
C++,minyi.seet@digipen.edu,./Leaderboard.cpp,38,23,146,
C++,yanweibryan.koh@digipen.edu,./GameMode.cpp,34,17,123,
C++,yanweibryan.koh@digipen.edu,./Button.cpp,20,20,111,
C++,yanweibryan.koh@digipen.edu,./AudioManager.cpp,18,18,107,
C/C++ Header,yanweibryan.koh@digipen.edu,./Constants.h,7,14,107,
C++,minyi.seet@digipen.edu,./Control.cpp,22,19,99,
C++,yanweibryan.koh@digipen.edu,./Constants.cpp,8,13,96,
C++,yanweibryan.koh@digipen.edu,./LevelSystem.cpp,19,18,78,
C/C++ Header,yanweibryan.koh@digipen.edu,./Graphics.h,22,22,74,
C++,l.weeboon@digipen.edu,./GameStateManager.cpp,12,16,74,
C++,yanweibryan.koh@digipen.edu,./Main.cpp,21,25,74,
C++,l.cheongkindallas@digipen.edu,./BinaryMap.cpp,26,66,69,
C++,yanweibryan.koh@digipen.edu,./Splash.cpp,16,13,59,
C/C++ Header,yanweibryan.koh@digipen.edu,./Player.h,10,14,55,
C/C++ Header,yanweibryan.koh@digipen.edu,./Enemy.h,11,14,52,
C/C++ Header,yanweibryan.koh@digipen.edu,./Tiles.h,7,18,50,
C/C++ Header,yanweibryan.koh@digipen.edu,./Button.h,6,14,45,
C++,yanweibryan.koh@digipen.edu,./Globals.cpp,7,15,44,
C/C++ Header,yanweibryan.koh@digipen.edu,./Globals.h,4,14,44,
C/C++ Header,yanweibryan.koh@digipen.edu,./MainMenu.h,10,12,40,
C/C++ Header,yanweibryan.koh@digipen.edu,./AudioManager.h,7,14,38,
C/C++ Header,yanweibryan.koh@digipen.edu,./Utilities.h,11,20,36,
C/C++ Header,yanweibryan.koh@digipen.edu,./Particles.h,9,12,33,
C/C++ Header,l.cheongkindallas@digipen.edu,./BinaryMap.h,5,0,29,
C++,yanweibryan.koh@digipen.edu,./Collider.cpp,8,14,29,
C/C++ Header,yanweibryan.koh@digipen.edu,./Image.h,8,15,27,
C/C++ Header,minyi.seet@digipen.edu,./Leaderboard.h,6,16,25,
C/C++ Header,l.weeboon@digipen.edu,./GameStateManager.h,8,17,24,
C/C++ Header,l.cheongkindallas@digipen.edu,./Gameplay.h,6,13,21,
C/C++ Header,minyi.seet@digipen.edu,./GameMode.h,6,15,18,
C/C++ Header,yanweibryan.koh@digipen.edu,./Username.h,4,0,18,
C/C++ Header,yanweibryan.koh@digipen.edu,./LevelSystem.h,6,14,18,
C/C++ Header,yanweibryan.koh@digipen.edu,./Background.h,7,13,17,
C/C++ Header,yanweibryan.koh@digipen.edu,./UserInterface.h,3,14,16,
C/C++ Header,yanweibryan.koh@digipen.edu,./Collider.h,6,13,10,
C/C++ Header,yanweibryan.koh@digipen.edu,./Splash.h,2,13,8,
C/C++ Header,minyi.seet@digipen.edu,./Control.h,2,12,7,
C/C++ Header,yanweibryan.koh@digipen.edu,./PlayerHp.h,2,11,5,
SUM,,,945,859,5013,
